FID,LAD19CD,LAD19NM,LAD19NMW,BNG_E,BNG_N,LONG,LAT,Shape__Area,Shape__Length
1,E06000001,Hartlepool, ,447157,531476,-1.27023,54.6762,293902282.077698,112765.69439582
2,E06000002,Middlesbrough, ,451141,516887,-1.21099,54.5447,161869974.061279,70707.5539424132
3,E06000003,Redcar and Cleveland, ,464359,519597,-1.00611,54.5675,753707329.823547,174336.682127206
4,E06000004,Stockton-on-Tees, ,444937,518183,-1.30669,54.5569,622920451.524231,186270.20957814
5,E06000005,Darlington, ,428029,515648,-1.56835,54.5353,586135296.970459,184666.724478853
6,E06000006,Halton, ,354246,382146,-2.68853,53.3342,253101926.598633,101629.223317175
7,E06000007,Warrington, ,362744,388456,-2.56167,53.3916,512404430.012573,141060.356020462
8,E06000008,Blackburn with Darwen, ,369490,422806,-2.4636,53.7008,390314354.583618,110205.599634166
9,E06000009,Blackpool, ,332763,436633,-3.02284,53.8216,123639518.580322,61474.0057980781
10,E06000010,"Kingston upon Hull, City of", ,511894,431716,-0.3038,53.7698,232825813.62709,77736.221270547
11,E06000011,East Riding of Yorkshire, ,488051,443608,-0.66203,53.8812,7164405850.62683,630320.633966558
12,E06000012,North East Lincolnshire, ,523454,404574,-0.13927,53.5234,575583495.775795,151137.993551927
13,E06000013,North Lincolnshire, ,497798,410996,-0.5241,53.5864,2482385930.18948,312398.424441363
14,E06000014,York, ,460864,452589,-1.07375,53.9658,784650942.846924,168833.448255862
15,E06000015,Derby, ,435609,335375,-1.47189,52.9146,214340584.641052,82927.8749638209
16,E06000016,Leicester, ,458946,304594,-1.1304,52.6359,198939349.072205,85527.995285383
17,E06000017,Rutland, ,492992,308655,-0.6263,52.6676,1069019596.47198,207366.344167799
18,E06000018,Nottingham, ,456082,339969,-1.16667,52.9542,205395781.257019,97429.7540284258
19,E06000019,"Herefordshire, County of", ,349434,242834,-2.73931,52.0815,5772015205.52283,569702.612090648
20,E06000020,Telford and Wrekin, ,367035,313057,-2.48941,52.7142,790814575.401733,196100.823661132
21,E06000021,Stoke-on-Trent, ,389438,346652,-2.15888,53.0171,257949246.931152,106301.779154205
22,E06000022,Bath and North East Somerset, ,366217,161999,-2.48654,51.356,899722376.142578,226785.885027581
23,E06000023,"Bristol, City of", ,359990,174846,-2.57742,51.4711,605512674.723877,233050.436826379
24,E06000024,North Somerset, ,347613,166719,-2.75439,51.3971,1002821734.49988,223090.26613529
25,E06000025,South Gloucestershire, ,367559,183196,-2.46922,51.5467,1386617145.79077,254132.572268357
26,E06000026,Plymouth, ,249944,58255,-4.11299,50.4049,207347013.382568,97131.7931809383
27,E06000027,Torbay, ,289730,64608,-3.55523,50.4709,294310517.256348,82291.8901957148
28,E06000030,Swindon, ,418551,186564,-1.73367,51.5776,595176197.845215,165713.133672126
29,E06000031,Peterborough, ,517372,300777,-0.26874,52.5921,930083919.920235,185318.137809003
30,E06000032,Luton, ,508606,222559,-0.42319,51.891,113706332.834229,55978.8580971891
31,E06000033,Southend-on-Sea, ,587776,186833,0.706906,51.5491,175226693.243256,111496.789388329
32,E06000034,Thurrock, ,562126,181586,0.334902,51.5099,475085777.033783,124825.85246286
33,E06000035,Medway, ,578207,175196,0.563173,51.4477,691014562.436737,148239.97452864
34,E06000036,Bracknell Forest, ,488169,168792,-0.73363,51.4113,280875250.826324,100169.824218294
35,E06000037,West Berkshire, ,450575,172095,-1.27364,51.4456,1811669364.43341,267480.836410829
36,E06000038,Reading, ,470226,173154,-0.99071,51.453,103940925.203979,63092.2528674257
37,E06000039,Slough, ,498920,179246,-0.57617,51.5035,83923775.8598328,70938.1902389159
38,E06000040,Windsor and Maidenhead, ,492079,176541,-0.67541,51.4803,511235912.805817,184284.00617315
39,E06000041,Wokingham, ,476624,169902,-0.89935,51.423,459978594.584656,139312.951611303
40,E06000042,Milton Keynes, ,486408,242308,-0.7407,52.0724,816439316.471161,167448.748115762
41,E06000043,Brighton and Hove, ,530279,106849,-0.15079,50.8465,213909163.853943,92328.3598181798
42,E06000044,Portsmouth, ,465607,101357,-1.07023,50.808,150595667.308777,68944.1189065048
43,E06000045,Southampton, ,442253,113608,-1.40025,50.9204,141772956.607422,59122.1372672551
44,E06000046,Isle of Wight, ,447183,85949,-1.33366,50.6713,977588605.81958,197005.68760477
45,E06000047,County Durham, ,410381,532242,-1.8405,54.6851,6674859420.80945,534953.942251404
46,E06000049,Cheshire East, ,380510,363462,-2.29299,53.1679,3243760647.37427,502411.661833351
47,E06000050,Cheshire West and Chester, ,353097,363145,-2.70298,53.1634,2619875712.35339,431144.003194767
48,E06000051,Shropshire, ,350227,302960,-2.73667,52.6221,8671844809.9353,956867.956281271
49,E06000052,Cornwall, ,212501,64494,-4.64249,50.4502,8882627130.85962,1231767.48778835
50,E06000053,Isles of Scilly, ,91327,11447,-6.30217,49.9233,55005672.1455078,273937.58105463
51,E06000054,Wiltshire, ,405209,158863,-1.92661,51.3288,8320810780.56909,643286.925432181
52,E06000055,Bedford, ,505721,256463,-0.45463,52.1963,1266132007.49251,214772.868617696
53,E06000056,Central Bedfordshire, ,504615,234492,-0.47754,51.999,1886534175.44627,377672.167042009
54,E06000057,Northumberland, ,395323,600699,-2.07521,55.3004,15599672886.1394,973704.335180394
55,E06000058,"Bournemouth, Christchurch and Poole", ,410815,94067,-1.84807,50.7461,433304401.072266,142672.157411269
56,E06000059,Dorset, ,370871,99796,-2.41467,50.797,6309691300.55188,650617.45252086
57,E07000004,Aylesbury Vale, ,477330,223020,-0.87746,51.9004,2367997125.03909,393644.459086007
58,E07000005,Chiltern, ,495432,198692,-0.62112,51.6789,510209955.473694,140675.161791358
59,E07000006,South Bucks, ,498198,185455,-0.58484,51.5594,365102730.473755,137404.373221653
60,E07000007,Wycombe, ,482477,197052,-0.80883,51.6662,842274686.552063,182398.528014058
61,E07000008,Cambridge, ,545420,257901,0.126436,52.2002,108183923.709618,60602.2265589281
62,E07000009,East Cambridgeshire, ,555577,275765,0.283163,52.3579,1743449738.55951,314836.470940545
63,E07000010,Fenland, ,536361,294959,0.009016,52.5354,1479052450.98206,252520.122947922
64,E07000011,Huntingdonshire, ,521010,274271,-0.22467,52.3532,2445202266.39461,363710.994523362
65,E07000012,South Cambridgeshire, ,543295,247586,0.091017,52.1081,2394072080.67693,418624.477969353
66,E07000026,Allerdale, ,317516,532995,-3.28096,54.6852,3950483285.65234,407867.851183905
67,E07000027,Barrow-in-Furness, ,321750,474171,-3.19976,54.1574,384004586.658203,133332.101724902
68,E07000028,Carlisle, ,348444,565195,-2.80705,54.9787,3195030072.58838,380360.633602256
69,E07000029,Copeland, ,310871,508741,-3.37664,54.4662,2287323807.2915,284571.366348063
70,E07000030,Eden, ,359636,526396,-2.62678,54.6311,6420809682.8374,463711.308576894
71,E07000031,South Lakeland, ,349265,489554,-2.78108,54.2991,5109869054.71619,552112.70336197
72,E07000032,Amber Valley, ,436166,348084,-1.46219,53.0288,733045599.896851,181176.476957466
73,E07000033,Bolsover, ,448666,371548,-1.27228,53.2388,446625096.179871,160601.763921206
74,E07000034,Chesterfield, ,440049,373359,-1.40115,53.2557,184292253.787537,87893.0551007314
75,E07000035,Derbyshire Dales, ,419697,358493,-1.70711,53.1233,2206552921.74365,408870.338935428
76,E07000036,Erewash, ,443721,338063,-1.3509,52.9382,301452090.154663,121953.127943341
77,E07000037,High Peak, ,410474,387660,-1.84398,53.3857,1516047375.01563,267310.152560974
78,E07000038,North East Derbyshire, ,437369,362955,-1.44253,53.1624,768137356.777405,269294.471162948
79,E07000039,South Derbyshire, ,431434,325365,-1.53494,52.8249,925342554.420776,275900.450208962
80,E07000040,East Devon, ,313775,96055,-3.22381,50.7576,2057364652.41333,348985.399812041
81,E07000041,Exeter, ,293236,92003,-3.51372,50.7178,119382821.439941,58839.591852333
82,E07000042,Mid Devon, ,288064,108911,-3.59212,50.8688,2290789334.75562,390206.288733006
83,E07000043,North Devon, ,265110,132524,-3.92691,51.0761,2795668772.76172,379227.316179044
84,E07000044,South Hams, ,270677,54033,-3.81994,50.3719,2223607785.9209,504441.802105327
85,E07000045,Teignbridge, ,283069,80251,-3.65396,50.6102,1689344806.13745,253246.421739087
86,E07000046,Torridge, ,244206,114405,-4.21731,50.908,2498707053.17163,484936.699457279
87,E07000047,West Devon, ,256379,86998,-4.03357,50.6649,2894881534.02808,379802.564078975
88,E07000061,Eastbourne, ,559351,99605,0.258699,50.7741,113722205.790054,63012.0572457387
89,E07000062,Hastings, ,581599,110745,0.579429,50.8677,77303911.7421875,56250.0566279807
90,E07000063,Lewes, ,541474,105685,0.007671,50.8334,738754831.483837,182916.874122445
91,E07000064,Rother, ,578730,119663,0.543064,50.9487,1303772765.00023,259559.328385381
92,E07000065,Wealden, ,555048,117173,0.205153,50.9332,2106053144.77454,347445.521716904
93,E07000066,Basildon, ,571548,190848,0.475055,51.5904,285706652.217896,95973.1587284077
94,E07000067,Braintree, ,577253,227335,0.575911,51.9163,1607073219.0578,273423.790299284
95,E07000068,Brentwood, ,558560,196070,0.290091,51.6411,396998247.527817,116503.404527784
96,E07000069,Castle Point, ,579490,187921,0.588084,51.5616,164383757.009521,72931.3632839291
97,E07000070,Chelmsford, ,572115,206972,0.491163,51.735,892588844.109024,182692.416176891
98,E07000071,Colchester, ,596944,223692,0.859776,51.877,907924267.632324,211039.986468087
99,E07000072,Epping Forest, ,548919,203758,0.154147,51.7128,881664153.035244,198858.939454256
100,E07000073,Harlow, ,545276,209589,0.103888,51.7661,79635149.3809967,46045.3722027863
101,E07000074,Maldon, ,591460,212199,0.773857,51.7757,1109408354.86972,178425.751797295
102,E07000075,Rochford, ,585981,191420,0.683473,51.5909,681331420.343292,306436.555260563
103,E07000076,Tendring, ,614203,222163,1.10918,51.8569,957725979.790649,162648.133247044
104,E07000077,Uttlesford, ,557832,228865,0.294485,51.9359,1684257889.26632,269791.557687636
105,E07000078,Cheltenham, ,394925,222232,-2.07515,51.8986,122269909.82251,61935.5542439458
106,E07000079,Cotswold, ,402125,208209,-1.97059,51.7725,3044930620.31921,537536.930557117
107,E07000080,Forest of Dean, ,367175,212759,-2.47755,51.8125,1468717778.09949,310001.681818303
108,E07000081,Gloucester, ,384071,216449,-2.23263,51.8464,106904125.885498,50618.3517304562
109,E07000082,Stroud, ,378806,202410,-2.3082,51.72,1240269021.05383,277500.406451722
110,E07000083,Tewkesbury, ,386347,226279,-2.19998,51.9348,1091248132.71338,326968.312253005
111,E07000084,Basingstoke and Deane, ,454508,151423,-1.22021,51.2594,1618204342.39838,229154.441366821
112,E07000085,East Hampshire, ,474404,129237,-0.93971,51.0577,1302133906.67725,229908.550315988
113,E07000086,Eastleigh, ,447202,116802,-1.32943,50.9487,214541062.355713,107823.21446651
114,E07000087,Fareham, ,453774,106324,-1.23742,50.8539,195077908.393921,87286.267791814
115,E07000088,Gosport, ,458773,101094,-1.16725,50.8064,69008037.0698853,40716.912571682
116,E07000089,Hart, ,477985,154240,-0.88321,51.282,549826387.707886,124407.04275373
117,E07000090,Havant, ,470177,108563,-1.004,50.8723,198200588.817505,87858.8667715264
118,E07000091,New Forest, ,428999,106521,-1.58936,50.8575,1948571915.53662,293499.730464169
119,E07000092,Rushmoor, ,486022,153944,-0.76807,51.2781,99676715.2827454,50968.7807399204
120,E07000093,Test Valley, ,434930,137329,-1.50214,51.1342,1592480406.59741,296018.169960211
121,E07000094,Winchester, ,453115,125901,-1.24393,51.03,1670073127.24261,266981.082184099
122,E07000095,Broxbourne, ,534742,204251,-0.05073,51.7208,133905657.369221,63047.9861179568
123,E07000096,Dacorum, ,500084,208745,-0.55098,51.7685,554474704.85025,177905.152945466
124,E07000098,Hertsmere, ,519774,199352,-0.26899,51.6802,262709937.886436,98691.1049381431
125,E07000099,North Hertfordshire, ,522192,230256,-0.22314,51.9574,987337548.951591,272987.764002803
126,E07000102,Three Rivers, ,507313,196418,-0.45005,51.6563,230600264.309341,119428.175577062
127,E07000103,Watford, ,510441,198197,-0.40429,51.6717,55652588.7938843,42530.7364717475
128,E07000105,Ashford, ,597640,140644,0.823374,51.131,1471635492.54376,237921.451094189
129,E07000106,Canterbury, ,616026,158096,1.09626,51.281,818742598.047302,192531.257700876
130,E07000107,Dartford, ,556167,172917,0.245276,51.4337,196068050.906174,84060.2914835574
131,E07000108,Dover, ,628967,150940,1.27693,51.2117,815932832.952759,182925.889301541
132,E07000109,Gravesham, ,566969,169115,0.398744,51.3965,269341899.720032,95104.6634568994
133,E07000110,Maidstone, ,580489,151670,0.584061,51.2357,1001869275.46988,194475.398601797
134,E07000111,Sevenoaks, ,552776,155218,0.188936,51.2756,945158287.056854,214785.09389349
135,E07000112,Folkestone and Hythe, ,610318,134597,1.0008,51.0722,923463686.600037,238608.588154574
136,E07000113,Swale, ,593761,161976,0.77953,51.3239,1079910771.0188,175968.300925982
137,E07000114,Thanet, ,631844,166753,1.3283,51.3525,287450326.047424,88681.6203961666
138,E07000115,Tonbridge and Malling, ,564014,153898,0.349306,51.2606,614873501.613983,175558.2381952
139,E07000116,Tunbridge Wells, ,573139,136599,0.471632,51.1025,839593429.938026,239695.575855569
140,E07000117,Burnley, ,384886,430882,-2.2308,53.7741,316586722.916016,97700.965248325
141,E07000118,Chorley, ,359189,419724,-2.61921,53.6724,577132579.727905,161160.815091714
142,E07000119,Fylde, ,339562,433812,-2.91902,53.7971,522463500.158447,131499.028995313
143,E07000120,Hyndburn, ,374407,428971,-2.38964,53.7565,208586958.543335,72115.5531453722
144,E07000121,Lancaster, ,356896,464988,-2.6603,54.079,1897183262.69922,306297.551963369
145,E07000122,Pendle, ,387637,443368,-2.18957,53.8864,486470528.761841,134291.214360553
146,E07000123,Preston, ,352820,436429,-2.71817,53.822,409475527.157959,120387.521404952
147,E07000124,Ribble Valley, ,372687,447676,-2.4174,53.9245,1681955833.78284,255273.320615328
148,E07000125,Rossendale, ,382827,420955,-2.26149,53.6848,393242438.641113,120071.252156046
149,E07000126,South Ribble, ,352016,425840,-2.72873,53.7267,327029829.894653,127308.909784182
150,E07000127,West Lancashire, ,342611,413268,-2.86893,53.6128,1081267133.50647,246918.182009643
151,E07000128,Wyre, ,347227,445159,-2.80462,53.8999,946593945.306885,233003.640093787
152,E07000129,Blaby, ,454385,297994,-1.19887,52.5771,352824633.692627,165816.732136373
153,E07000130,Charnwood, ,458365,316155,-1.13694,52.7399,760318810.181274,190589.776104634
154,E07000131,Harborough, ,474549,293875,-0.90229,52.5377,1600441740.60748,305580.307325238
155,E07000132,Hinckley and Bosworth, ,439538,301379,-1.41755,52.6088,805792223.374023,183699.710498119
156,E07000133,Melton, ,477328,323472,-0.8544,52.8033,1315133535.97137,232458.759194222
157,E07000134,North West Leicestershire, ,439111,316252,-1.42209,52.7425,761689333.64801,192305.210310314
158,E07000135,Oadby and Wigston, ,461543,299379,-1.093,52.5887,63665616.1486206,51279.3916332356
159,E07000136,Boston, ,526851,343953,-0.11218,52.9779,1095355369.99183,190684.758425577
160,E07000137,East Lindsey, ,534862,376106,0.020549,53.2648,5106595318.45162,361898.971907488
161,E07000138,Lincoln, ,496347,370096,-0.55848,53.2192,99441334.9936218,55021.8104579336
162,E07000139,North Kesteven, ,502135,354788,-0.4767,53.0806,2553086371.10004,302497.724400227
163,E07000140,South Holland, ,532909,322928,-0.03058,52.7876,2227454704.80213,319276.916550734
164,E07000141,South Kesteven, ,501406,328986,-0.49565,52.8489,2581746487.69211,347163.991174057
165,E07000142,West Lindsey, ,499314,390326,-0.50774,53.4004,3250774077.94347,414354.393752125
166,E07000143,Breckland, ,591015,303330,0.818716,52.5942,3529239338.59897,393950.263667705
167,E07000144,Broadland, ,619865,315909,1.25233,52.6962,1503269107.08112,333172.356574362
168,E07000145,Great Yarmouth, ,646760,315882,1.6495,52.6844,494307866.680176,141091.452948096
169,E07000146,King's Lynn and West Norfolk, ,571220,315805,0.533258,52.7128,4158203225.02354,474160.585790552
170,E07000147,North Norfolk, ,611083,330845,1.13219,52.8338,2709816235.77795,404835.669074944
171,E07000148,Norwich, ,622355,309773,1.28498,52.6401,109850292.13855,151298.62383183
172,E07000149,South Norfolk, ,628991,295823,1.37325,52.5122,2448858660.77277,379904.167280707
173,E07000150,Corby, ,487862,290681,-0.7069,52.507,216372611.752411,108825.25013878
174,E07000151,Daventry, ,467286,268437,-1.01447,52.3099,1779301339.32874,297469.698686334
175,E07000152,East Northamptonshire, ,501344,287839,-0.5092,52.4791,1371316735.48624,267774.907097274
176,E07000153,Kettering, ,483866,282852,-0.76773,52.4372,627240134.420868,165072.06292579
177,E07000154,Northampton, ,476495,260539,-0.88121,52.2378,215190970.828918,75636.0628464221
178,E07000155,South Northamptonshire, ,463000,247077,-1.08129,52.1184,1680270217.5531,366804.803204641
179,E07000156,Wellingborough, ,487787,266827,-0.71425,52.2926,435239258.989807,114010.423346398
180,E07000163,Craven, ,389513,461989,-2.16168,54.0538,3420491089.63367,340362.105520219
181,E07000164,Hambleton, ,443009,490546,-1.34049,54.3087,3842702083.61029,511065.067089464
182,E07000165,Harrogate, ,427473,464652,-1.58161,54.0771,3796233388.38428,420405.373581925
183,E07000166,Richmondshire, ,401039,495786,-1.98552,54.3576,3878727757.84546,380325.172100384
184,E07000167,Ryedale, ,475590,478890,-0.84277,54.2002,4398554910.0412,426941.318036112
185,E07000168,Scarborough, ,495797,495547,-0.5278,54.3465,2430404312.7308,445527.319585672
186,E07000169,Selby, ,457551,426670,-1.12908,53.7333,1723081853.94629,290050.662759504
187,E07000170,Ashfield, ,450035,355843,-1.25422,53.0975,303436291.170044,115115.46260358
188,E07000171,Bassetlaw, ,468073,384835,-0.9787,53.356,1790954432.46503,259428.507231243
189,E07000172,Broxtowe, ,449829,341893,-1.25944,52.9721,220658374.139954,109560.180448819
190,E07000173,Gedling, ,459184,347811,-1.11907,53.0243,331311398.692017,115910.284562494
191,E07000174,Mansfield, ,455047,363637,-1.17804,53.167,213193863.758667,85182.5755450496
192,E07000175,Newark and Sherwood, ,470624,357451,-0.94643,53.1096,1807875551.99704,299454.221448199
193,E07000176,Rushcliffe, ,466606,335453,-1.01097,52.9124,1123415196.68933,204321.107981358
194,E07000177,Cherwell, ,449301,221201,-1.28506,51.8872,1549028842.46661,366035.647593686
195,E07000178,Oxford, ,452277,206368,-1.24405,51.7536,118904497.136841,56515.1295076967
196,E07000179,South Oxfordshire, ,463890,191964,-1.07847,51.6229,1759770920.58228,330774.589790356
197,E07000180,Vale of White Horse, ,435693,195197,-1.48543,51.6544,1500836136.72424,283355.258579044
198,E07000181,West Oxfordshire, ,434343,215816,-1.50292,51.8399,1869697332.13446,259311.021029991
199,E07000187,Mendip, ,362238,144090,-2.54178,51.1948,1882195691.87012,317231.709318908
200,E07000188,Sedgemoor, ,338426,143997,-2.88251,51.1918,1540900617.45288,317765.405118386
201,E07000189,South Somerset, ,345633,120798,-2.77588,50.984,2418714994.83081,382112.545529562
202,E07000192,Cannock Chase, ,401261,311553,-1.98277,52.7017,214711151.06958,82702.0720573551
203,E07000193,East Staffordshire, ,412601,326569,-1.81438,52.8365,1068852003.78528,304380.112807409
204,E07000194,Lichfield, ,416283,310967,-1.76049,52.6962,900751902.252686,210195.127081443
205,E07000195,Newcastle-under-Lyme, ,378199,345174,-2.32631,53.0034,581640287.259277,179775.199763443
206,E07000196,South Staffordshire, ,389625,311037,-2.15495,52.6969,1104324555.78357,304416.350747851
207,E07000197,Stafford, ,389001,327836,-2.16475,52.8479,1638311095.32117,263277.958108607
208,E07000198,Staffordshire Moorlands, ,400543,352443,-1.99334,53.0692,1594054041.39233,253589.027205932
209,E07000199,Tamworth, ,421455,302550,-1.68451,52.6203,83644363.8167725,50593.2790897673
210,E07000200,Babergh, ,599994,244657,0.916231,52.0642,1615384887.00989,279749.545365092
211,E07000202,Ipswich, ,616954,244670,1.16327,52.0579,106372472.95697,60096.372064817
212,E07000203,Mid Suffolk, ,611646,262338,1.09695,52.2186,2319052360.66962,311875.332993396
213,E07000207,Elmbridge, ,511882,163658,-0.39441,51.361,246792167.526489,83557.0167245663
214,E07000208,Epsom and Ewell, ,521176,161475,-0.26172,51.3395,87231503.5396271,45615.1270037242
215,E07000209,Guildford, ,500408,151481,-0.56257,51.2537,690836069.454376,205066.206798531
216,E07000210,Mole Valley, ,518377,148953,-0.30603,51.2275,657614072.852432,168189.250839029
217,E07000211,Reigate and Banstead, ,525786,152574,-0.19871,51.2585,329327119.925232,127619.777741804
218,E07000212,Runnymede, ,501777,166979,-0.53855,51.3927,200254615.187958,73171.9700881829
219,E07000213,Spelthorne, ,507012,169622,-0.46254,51.4155,131458005.833588,70742.3811775612
220,E07000214,Surrey Heath, ,491362,160483,-0.68986,51.3361,243484395.509308,85686.2613922093
221,E07000215,Tandridge, ,536365,150325,-0.04805,51.2358,632155914.42115,132718.03887557
222,E07000216,Waverley, ,496363,140635,-0.62343,51.1569,876439491.774689,199902.868921187
223,E07000217,Woking, ,499087,157542,-0.57982,51.3084,162649896.279175,87590.5532652045
224,E07000218,North Warwickshire, ,425570,296399,-1.6242,52.5648,767951986.747192,186211.574247952
225,E07000219,Nuneaton and Bedworth, ,435419,289352,-1.47965,52.5009,212835288.789124,79039.7806779061
226,E07000220,Rugby, ,446498,276244,-1.31828,52.3823,948111929.355225,188457.502329306
227,E07000221,Stratford-on-Avon, ,425019,251536,-1.63565,52.1615,2598274337.88886,426071.256556862
228,E07000222,Warwick, ,428484,267113,-1.58369,52.3014,756065793.704041,190830.420951966
229,E07000223,Adur, ,518065,106473,-0.32433,50.8457,109162384.49823,56294.0869932846
230,E07000224,Arun, ,495145,105724,-0.64998,50.8432,561982838.18866,180958.924170971
231,E07000225,Chichester, ,490285,116600,-0.7163,50.9418,2042862431.41519,269064.367017259
232,E07000226,Crawley, ,526390,137581,-0.19533,51.1236,114045281.020912,61786.7142703944
233,E07000227,Horsham, ,513676,123839,-0.38123,51.0027,1339050181.82459,250102.613754129
234,E07000228,Mid Sussex, ,533054,130623,-0.10272,51.0595,843277800.874569,211182.487518954
235,E07000229,Worthing, ,512679,104948,-0.40127,50.8331,84602028.2533875,46107.9446641466
236,E07000234,Bromsgrove, ,399840,273736,-2.00376,52.3617,581256668.439941,185216.502854892
237,E07000235,Malvern Hills, ,377465,252197,-2.33089,52.1676,1533619116.45667,376124.257554133
238,E07000236,Redditch, ,403705,265253,-1.9471,52.2854,144820028.289795,67479.7941381762
239,E07000237,Worcester, ,385725,255196,-2.21025,52.1948,88495831.8444824,50979.6633701817
240,E07000238,Wychavon, ,398991,247839,-2.01614,52.1289,1761976711.69897,357758.30993066
241,E07000239,Wyre Forest, ,384106,276388,-2.23494,52.3853,523901287.108276,165128.2904789
242,E07000240,St Albans, ,514580,209623,-0.3407,51.7736,420538989.797989,117815.508825645
243,E07000241,Welwyn Hatfield, ,525345,208467,-0.18518,51.7609,337831447.981674,133105.384931701
244,E07000242,East Hertfordshire, ,537995,220370,0.002739,51.8648,1245820638.8602,218795.27777646
245,E07000243,Stevenage, ,524622,224531,-0.18987,51.9054,68139788.0912857,46310.8067627236
246,E07000244,East Suffolk, ,636039,266218,1.45609,52.2435,3446593078.34894,395876.780229182
247,E07000245,West Suffolk, ,580944,271124,0.652769,52.3084,2759320900.86386,448131.83039498
248,E07000246,Somerset West and Taunton, ,304960,130228,-3.35766,51.0635,3062726175.31482,439265.565192613
249,E08000001,Bolton, ,368352,409873,-2.47952,53.5845,396074516.141602,139102.376890697
250,E08000002,Bury, ,379658,410768,-2.3088,53.5931,281927422.803955,115410.39154493
251,E08000003,Manchester, ,384591,397063,-2.23359,53.4701,325724230.803711,145748.793041642
252,E08000004,Oldham, ,396603,406784,-2.05274,53.5577,402802631.661377,119699.785401052
253,E08000005,Rochdale, ,390315,412326,-2.14784,53.6074,448832936.30188,139364.009602132
254,E08000006,Salford, ,374556,398128,-2.38485,53.4793,274242482.758423,106256.842992973
255,E08000007,Stockport, ,391806,388264,-2.12467,53.3912,354036671.373413,123416.203401102
256,E08000008,Tameside, ,394987,397995,-2.077,53.4787,290891988.583252,94009.8562298027
257,E08000009,Trafford, ,375790,391162,-2.36572,53.4167,298214596.27002,101794.90048477
258,E08000010,Wigan, ,362136,402126,-2.57247,53.5145,531778213.721558,149082.569021065
259,E08000011,Knowsley, ,344762,393778,-2.83297,53.4379,243308474.995972,114327.186845311
260,E08000012,Liverpool, ,339361,390553,-2.91364,53.4083,375077321.722656,112744.034372348
261,E08000013,St. Helens, ,353412,395992,-2.7031,53.4586,384175226.030518,128212.194463542
262,E08000014,Sefton, ,334264,398832,-2.99204,53.4821,579786318.888184,209227.107978771
263,E08000015,Wirral, ,329242,386937,-3.06502,53.3745,719289631.156494,163996.411498681
264,E08000016,Barnsley, ,429979,403327,-1.54925,53.5258,930490474.135193,212519.792244058
265,E08000017,Doncaster, ,459167,403735,-1.10894,53.527,1608168267.16174,227264.401525083
266,E08000018,Rotherham, ,447542,388980,-1.28651,53.3955,805360177.886108,177964.706573986
267,E08000019,Sheffield, ,430511,389736,-1.54254,53.4036,1033966109.77295,222648.186940515
268,E08000021,Newcastle upon Tyne, ,422287,569662,-1.65297,55.021,349499034.030029,107549.811246702
269,E08000022,North Tyneside, ,431471,570602,-1.50923,55.029,257770916.834717,115441.736912367
270,E08000023,South Tyneside, ,435503,564057,-1.44696,54.9699,203292138.052002,79499.3265151404
271,E08000024,Sunderland, ,436470,551525,-1.43344,54.8572,421243770.240601,120180.600553019
272,E08000025,Birmingham, ,408150,287352,-1.88141,52.484,721530321.854126,174397.662023121
273,E08000026,Coventry, ,432807,279689,-1.51908,52.4142,264900602.528381,88582.599190013
274,E08000027,Dudley, ,393191,288584,-2.10171,52.4951,263867475.353027,123739.35017302
275,E08000028,Sandwell, ,399573,290764,-2.00771,52.5148,230807011.505615,97244.4349754305
276,E08000029,Solihull, ,419434,281483,-1.71558,52.431,478717848.723389,165585.06243883
277,E08000030,Walsall, ,402098,300804,-1.97044,52.605,281552986.571777,97754.6805543061
278,E08000031,Wolverhampton, ,391463,300016,-2.12746,52.5979,187943691.06604,92220.762427335
279,E08000032,Bradford, ,408395,438626,-1.87389,53.8438,1051349126.91272,230224.272719696
280,E08000033,Calderdale, ,402617,424896,-1.96182,53.7205,1038193011.16797,181847.881455046
281,E08000034,Kirklees, ,414586,416223,-1.78085,53.6423,1160216361.40161,211812.708476867
282,E08000035,Leeds, ,432528,436384,-1.50736,53.8227,1581526634.20062,273497.687130628
283,E08000036,Wakefield, ,438366,418235,-1.42092,53.6592,963117554.756531,184543.243442458
284,E08000037,Gateshead, ,420168,559658,-1.6868,54.9312,435858391.512695,138628.442595904
285,E09000001,City of London, ,532382,181358,-0.09351,51.5156,8122675.45330811,15417.5975523764
286,E09000002,Barking and Dagenham, ,547759,185107,0.129506,51.5455,97604144.4900131,59416.3381076369
287,E09000003,Barnet, ,523472,191753,-0.21821,51.6111,224740752.474312,81807.6866501099
288,E09000004,Bexley, ,549202,175433,0.146212,51.4582,165393564.305145,69647.5571840492
289,E09000005,Brent, ,519615,186468,-0.27568,51.5644,111727287.535706,61617.2769931308
290,E09000006,Bromley, ,542036,165708,0.039246,51.3727,384781112.279932,121960.643875689
291,E09000007,Camden, ,527492,184284,-0.16289,51.5431,56277649.9515839,42028.410764429
292,E09000008,Croydon, ,533922,164745,-0.07761,51.366,221536134.792492,93952.7005529077
293,E09000009,Ealing, ,517057,181960,-0.31407,51.5244,143321000.47757,76181.4443033055
294,E09000010,Enfield, ,532829,196197,-0.08147,51.6489,213272595.892555,66130.9146926547
295,E09000011,Greenwich, ,542508,175881,0.050108,51.464,129858261.233761,73131.0878533411
296,E09000012,Hackney, ,534560,185787,-0.06045,51.5549,49210190.4906559,40792.6263705366
297,E09000013,Hammersmith and Fulham, ,523866,177998,-0.21736,51.4874,44207821.7959671,38440.9669716113
298,E09000014,Haringey, ,531262,189349,-0.10667,51.5877,76590024.9986687,46679.5547447761
299,E09000015,Harrow, ,515356,189736,-0.33603,51.5947,130642293.005844,54276.0733443213
300,E09000016,Havering, ,555032,187514,0.235368,51.5652,295779637.157021,102653.52409174
301,E09000017,Hillingdon, ,508166,183120,-0.44182,51.5366,298801284.997833,102685.824904323
302,E09000018,Hounslow, ,512744,174965,-0.37844,51.4624,145664146.044983,92421.2719940162
303,E09000019,Islington, ,531158,184647,-0.10992,51.5455,38374200.6221237,33316.8038735033
304,E09000020,Kensington and Chelsea, ,525757,179053,-0.18976,51.4964,31922415.3064423,33725.202523188
305,E09000021,Kingston upon Thames, ,519508,167389,-0.28367,51.393,95580130.7953186,60170.7547354704
306,E09000022,Lambeth, ,531118,175626,-0.11385,51.4644,70094156.0059929,54837.1318550654
307,E09000023,Lewisham, ,537889,173344,-0.01733,51.4423,90820399.4096355,65893.1362305837
308,E09000024,Merton, ,526069,169507,-0.18867,51.4106,96602422.1781845,51829.401134971
309,E09000025,Newham, ,540721,183327,0.027369,51.5313,99543561.6674271,51121.5608438671
310,E09000026,Redbridge, ,543512,189478,0.070085,51.5859,146011027.195564,73624.2406728462
311,E09000027,Richmond upon Thames, ,519005,172648,-0.28914,51.4403,151092027.517014,83956.3672437434
312,E09000028,Southwark, ,533945,175862,-0.07309,51.4659,77014210.0217094,53966.6831488937
313,E09000029,Sutton, ,527356,163640,-0.17227,51.3576,112341222.62262,63779.0171902467
314,E09000030,Tower Hamlets, ,536345,181451,-0.0364,51.5155,55645991.4224396,43047.8006031114
315,E09000031,Waltham Forest, ,537327,190277,-0.01881,51.5946,100433505.008619,53650.9917018791
316,E09000032,Wandsworth, ,525152,174137,-0.20021,51.4524,90594583.0404282,59982.9968542523
317,E09000033,Westminster, ,528268,180871,-0.15295,51.5122,56817769.4604797,43618.6453179185
318,N09000001,Antrim and Newtownabbey, ,130813,541285,-6.1776,54.6939,2174317269.78467,285365.33678987
319,N09000002,"Armagh City, Banbridge and Craigavon", ,112110,508158,-6.43455,54.3867,4220849769.93408,416363.955414716
320,N09000003,Belfast, ,146465,529747,-5.92535,54.5985,409177817.610352,113606.253277712
321,N09000004,Causeway Coast and Glens, ,106168,581420,-6.5996,55.0396,6032695616.0376,665873.434576185
322,N09000005,Derry City and Strabane, ,51779,559566,-7.42064,54.809,3753841644.95996,470057.953679367
323,N09000006,Fermanagh and Omagh, ,41233,513013,-7.5271,54.3852,8869150290.47412,731617.522408467
324,N09000007,Lisburn and Castlereagh, ,138712,518920,-6.03545,54.4975,1509937691.42285,287946.435341876
325,N09000008,Mid and East Antrim, ,133943,560151,-6.14645,54.8646,3196492829.3584,407559.710588878
326,N09000009,Mid Ulster, ,83920,528564,-6.8889,54.5527,5818400925.23047,548591.454922695
327,N09000010,"Newry, Mourne and Down", ,133006,480432,-6.08891,54.1495,4911168624.36865,649326.951006702
328,N09000011,Ards and North Down, ,164321,524944,-5.64568,54.5641,1678438486.39526,352417.112013351
329,S12000005,Clackmannanshire, ,291159,696335,-3.75344,56.1472,527188684.326172,150568.390385284
330,S12000006,Dumfries and Galloway, ,270645,579857,-4.02863,55.0962,20323976091.5073,1475618.14395042
331,S12000008,East Ayrshire, ,255398,624935,-4.29057,55.4967,3948090930.1582,600968.781496166
332,S12000010,East Lothian, ,354854,672351,-2.72435,55.9421,2230820636.34717,356576.257768692
333,S12000011,East Renfrewshire, ,251929,653115,-4.3606,55.7487,548958526.421631,166651.598843919
334,S12000013,Na h-Eileanan Siar, ,126473,932862,-6.65722,58.1994,11534647669.6958,6955706.20756958
335,S12000014,Falkirk, ,289661,679536,-3.7706,55.996,1004918610.29785,223810.651114395
336,S12000017,Highland, ,241026,858306,-4.66091,57.5867,91867899761.2769,9203691.46908163
337,S12000018,Inverclyde, ,227922,670899,-4.75387,55.9003,551149898.557861,134187.746685166
338,S12000019,Midlothian, ,330088,659217,-3.11738,55.8211,1124254917.62573,224943.40593524
339,S12000020,Moray, ,328024,843593,-3.20187,57.4768,7790809597.92773,750687.42093959
340,S12000021,North Ayrshire, ,228984,651640,-4.72479,55.7279,2831878665.19092,644370.66821979
341,S12000023,Orkney Islands, ,348291,1006584,-2.90028,58.9433,4091781234.0321,3088087.31223547
342,S12000026,Scottish Borders, ,345891,626135,-2.85866,55.5259,14815062346.728,929102.203239722
343,S12000027,Shetland Islands, ,434516,1180307,-1.37344,60.505,6770500285.6488,4461283.16434307
344,S12000028,South Ayrshire, ,226544,596270,-4.72901,55.2301,3795030514.54199,590861.720230226
345,S12000029,South Lanarkshire, ,284634,636071,-3.83272,55.6045,5550352965.2251,503244.441809188
346,S12000030,Stirling, ,255980,708769,-4.32595,56.2495,7285942792.74927,596817.06102592
347,S12000033,Aberdeen City, ,387763,808478,-2.20398,57.167,697633615.438232,183023.02171757
348,S12000034,Aberdeenshire, ,352286,816276,-2.79205,57.2347,21604201741.0459,1497387.49040841
349,S12000035,Argyll and Bute, ,200740,715442,-5.22114,56.2894,22990097440.2937,6665489.91170005
350,S12000036,City of Edinburgh, ,320193,669416,-3.27826,55.9112,868068974.206299,197469.546582189
351,S12000038,Renfrewshire, ,239305,664698,-4.56834,55.8486,852252098.571533,185412.421794445
352,S12000039,West Dunbartonshire, ,242904,681587,-4.52074,56.0014,582692109.135498,151400.373669398
353,S12000040,West Lothian, ,299483,668514,-3.60909,55.8992,1369307939.81787,244623.772071138
354,S12000041,Angus, ,345518,759594,-2.89189,56.7248,7304014211.37158,568265.882672578
355,S12000042,Dundee City, ,340291,732145,-2.97095,56.4776,203609640.47583,97645.5523034209
356,S12000045,East Dunbartonshire, ,261240,676154,-4.22417,55.9583,555493368.672119,177700.476052627
357,S12000047,Fife, ,339197,704726,-2.98235,56.2312,4437739683.09912,658079.908473672
358,S12000048,Perth and Kinross, ,284304,744186,-3.8848,56.5753,17811289827.2041,1027854.08124834
359,S12000049,Glasgow City, ,261534,667033,-4,60,558601905.634277,193357.322396567
360,S12000050,North Lanarkshire, ,277984,665608,-4,60,1497534979.3042,292110.454054887
361,W06000001,Isle of Anglesey,Ynys Môn,245222,378346,-4.32291,53.2794,2092068788.81982,418267.535161122
362,W06000002,Gwynedd,Gwynedd,277968,334967,-3.81559,52.8983,7194502579.7146,771831.967014526
363,W06000003,Conwy,Conwy,283293,362562,-3.74646,53.1474,3201108302.26978,404122.545362721
364,W06000004,Denbighshire,Sir Ddinbych,309843,355416,-3.34761,53.0883,2343862385.9519,367532.806978098
365,W06000005,Flintshire,Sir y Fflint,321564,369303,-3.17605,53.215,1363371924.38477,249971.298626692
366,W06000006,Wrexham,Wrecsam,333523,345387,-2.99203,53.0017,1388643681.16956,315428.139925876
367,W06000008,Ceredigion,Ceredigion,267126,268437,-3.94994,52.298,4812673531.5542,531386.558782718
368,W06000009,Pembrokeshire,Sir Benfro,199821,221391,-4.90818,51.8551,4318413506.58545,887554.021248299
369,W06000010,Carmarthenshire,Sir Gaerfyrddin,247954,224133,-4.2111,51.895,6397120249.46851,587460.4860776
370,W06000011,Swansea,Abertawe,264022,197308,-3.96723,51.6581,1091535346.83521,236694.779927719
371,W06000012,Neath Port Talbot,Castell-nedd Port Talbot,279261,195412,-3.74638,51.6445,1173987067.41895,215696.510783357
372,W06000013,Bridgend,Pen-y-bont ar Ogwr,288242,185868,-3.61359,51.5606,659760190.554688,144262.369562179
373,W06000014,Vale of Glamorgan,Bro Morgannwg,302946,173083,-3.39803,51.4484,873578470.218018,163870.916905741
374,W06000015,Cardiff,Caerdydd,315270,178887,-3.22212,51.5025,385602821.450439,113282.982761588
375,W06000016,Rhondda Cynon Taf,Rhondda Cynon Taf,302237,192395,-3.41359,51.6218,1100665726.21021,209813.999428934
376,W06000018,Caerphilly,Caerffili,317245,195259,-3.19753,51.65,719971291.250977,187290.564902075
377,W06000019,Blaenau Gwent,Blaenau Gwent,318236,206771,-3.18592,51.7536,283620125.384033,105942.090800171
378,W06000020,Torfaen,Torfaen,327459,200480,-3.05101,51.6984,328321908.261719,133109.050019182
379,W06000021,Monmouthshire,Sir Fynwy,337812,209231,-2.9028,51.7783,2310577843.83313,405231.886844244
380,W06000022,Newport,Casnewydd,337897,187433,-2.89769,51.5823,563283133.077148,218611.005205933
381,W06000023,Powys,Powys,302328,273254,-3.43533,52.3486,13893938052.928,992453.026253308
382,W06000024,Merthyr Tydfil,Merthyr Tudful,305916,206424,-3.36425,51.7486,291689066.412842,107692.617463389
